17,Musics/01 Faramarz Aslani - Age Ye Rooz.mp3
11,Musics/01 Kiss - I Was Made For Lovin  You.mp3
10,Musics/01 Pink Floyd - Hey You.mp3
5,Musics/02 Queen - We Are The Champions (Remastered 2011).mp3
7,Musics/03 Chet Baker - Almost Blue.mp3
8,Musics/04 Eugene Ormandy - Serenade.mp3
8,Musics/04 Led Zeppelin - Stairway to Heaven (Remaster).mp3
8,Musics/05. The Sails Of Charon - Scorpions.mp3
7,Musics/06 Daft Punk - Lose Yourself to Dance.mp3
9,Musics/09 Gary Moore - Midnight Blues.mp3
6,Musics/11_Passacaglia_Georg_Friedrich_Haendel_Johan_Halvorsen_The_Piano.mp3
7,Musics/18_When_A_Blind_Man_Cries_Remastered_Deep_Purple_320.mp3
5,Musics/Balthazar - You Won t Come Around.mp3
14,Musics/Bronski Beat - Smalltown Boy.mp3
19,Musics/Daniil Trifonov - Fantaisie-Impromptu In C Sharp Minor - Op.mp3
11,Musics/Sade - Cherish the Day.mp3
8,Musics/Shouse - Love Tonight (Edit).mp3
13,Musics/Tame Impala - Dracula.mp3
8,Musics/The City of Prague Philharmonic Orchestra - Waltz No 2 From.mp3
